[
{
    "fields": {
        "description": "volar por sus propios medios",
        "name": "Vuelo",
        "slug": "vuelo"
    },
    "model": "metahumans.power",
    "pk": 1
},
{
    "fields": {
        "description": "aplicar una fuerza superior a la de cualquier humano normal",
        "name": "Superfuerza",
        "slug": "superfuerza"
    },
    "model": "metahumans.power",
    "pk": 2
},
{
    "fields": {
        "description": "ver por la noche",
        "name": "Vision noctura",
        "slug": "vision_nocturna"
    },
    "model": "metahumans.power",
    "pk": 3
},
{
    "fields": {
        "description": "moverse y reaccionar a velocidades superiores a las de cualquier humano normal",
        "name": "Supervelocidad",
        "slug": "supervelocidad"
    },
    "model": "metahumans.power",
    "pk": 4
},
{
    "fields": {
        "description": "percibir su entorno mediante ecolocalizaci\u00f3n",
        "name": "Radar",
        "slug": "radar"
    },
    "model": "metahumans.power",
    "pk": 5
},
{
    "fields": {
        "description": "lanzar rayos de energ\u00eda desde sus ojos",
        "name": "Rayos \u00f3pticos",
        "slug": "rayos-opticos"
    },
    "model": "metahumans.power",
    "pk": 6
},
{
    "fields": {
        "description": "transportarse de forma instaneamente entre dos lugares diferentes",
        "name": "Teletransporte",
        "slug": "teletransporte"
    },
    "model": "metahumans.power",
    "pk": 7
},
{
    "fields": {
        "description": "leer o enviar informaci\u00f3n a la mente sin uso de agentes f\u00edsicos",
        "name": "Telepat\u00eda",
        "slug": "telepatia"
    },
    "model": "metahumans.power",
    "pk": 8
},
{
    "fields": {
        "description": "respirar bajo el agua",
        "name": "Anfibio",
        "slug": "anfibio"
    },
    "model": "metahumans.power",
    "pk": 9
},
{
    "fields": {
        "description": "recibir impactos sin que le afecte",
        "name": "Invulnerable",
        "slug": "invulnerable"
    },
    "model": "metahumans.power",
    "pk": 10
},
{
    "fields": {
        "description": "sentir la presencia de amenazas y enemigos",
        "name": "Sentido ar\u00e1cnido",
        "slug": "sentido-aracnido"
    },
    "model": "metahumans.power",
    "pk": 11
},
{
    "fields": {
        "description": "adherirse a casi cualquier superficie y trepar por ellas",
        "name": "Superadherencia",
        "slug": "superadherencia"
    },
    "model": "metahumans.power",
    "pk": 12
},
{
    "fields": {
        "description": "hacerse invisible",
        "name": "Invisibilidad",
        "slug": "invisibilidad"
    },
    "model": "metahumans.power",
    "pk": 13
},
{
    "fields": {
        "description": "proyectar campos de fuerza",
        "name": "Campos de fuerza",
        "slug": "campos-de-fuerza"
    },
    "model": "metahumans.power",
    "pk": 14
},
{
    "fields": {
        "description": "moverse m\u00e1s r\u00e1pido y con m\u00e1s potencia y precisi\u00f3n que un humano normal",
        "name": "Superagilidad",
        "slug": "superagilidad"
    },
    "model": "metahumans.power",
    "pk": 15
},
{
    "fields": {
        "description": "controlar el fuego",
        "name": "Pirokin\u00e9tico",
        "slug": "pirokinetico"
    },
    "model": "metahumans.power",
    "pk": 16
},
{
    "fields": {
        "description": "convertir su cuerpo en una forma energ\u00e9tica",
        "name": "plasma",
        "slug": "plasma"
    },
    "model": "metahumans.power",
    "pk": 17
},
{
    "fields": {
        "description": "lanzar descargas energ\u00e9ticas a voluntad",
        "name": "rayos de energ\u00eda",
        "slug": "rayos-de-energia"
    },
    "model": "metahumans.power",
    "pk": 18
},
{
    "fields": {
        "description": "puede percibir olores de forma extraordinaria",
        "name": "Superolfato",
        "slug": "superolfato"
    },
    "model": "metahumans.power",
    "pk": 19
},
{
    "fields": {
        "description": "Puede percibir sonidos de forma extraordinaria",
        "name": "Superoido",
        "slug": "superoido"
    },
    "model": "metahumans.power",
    "pk": 20
},
{
    "fields": {
        "description": "absorver energ\u00eda y canalizala para aumentar su poder",
        "name": "Chi",
        "slug": "chi"
    },
    "model": "metahumans.power",
    "pk": 21
},
{
    "fields": {
        "description": "puede saltar largas distancias",
        "name": "Supersalto",
        "slug": "supersalto"
    },
    "model": "metahumans.power",
    "pk": 22
},
{
    "fields": {
        "description": "puede curarse rapidamente de heridas, envenenamientos y enfermedades",
        "name": "Factor de curaci\u00f3n",
        "slug": "factor-de-curacion"
    },
    "model": "metahumans.power",
    "pk": 23
},
{
    "fields": {
        "description": "Controlar a otras personas si consigue establecer contacto ocular",
        "name": "Hipnotismo",
        "slug": "hipnotismo"
    },
    "model": "metahumans.power",
    "pk": 24
},
{
    "fields": {
        "description": "cambiar de forma",
        "name": "Metamorfo",
        "slug": "metamorfo"
    },
    "model": "metahumans.power",
    "pk": 25
},
{
    "fields": {
        "description": "alargar y modificar su estructura corporal",
        "name": "Superelasticidad",
        "slug": "superelasticidad"
    },
    "model": "metahumans.power",
    "pk": 26
},
{
    "fields": {
        "name": "Los 4 Fant\u00e1sticos",
        "created": "2015-10-06",
        "headquarters": "Edificio Baxter, Manhattan, New York (EEUU)",
        "modified": "2015-10-06T20:31:20.497Z",
        "active": true,
        "slug": "cuatro-fantasticos",
        "description": "Tras ser expuestos accidentalmente a dosis masivas de rayos c\u00f3smicos, Reed Richards, Susan Storm, Ben Grimm y Johnny Storm adquirieron poderes extraordinarios."
    },
    "model": "metahumans.team",
    "pk": 1
},
{
    "fields": {
        "name": "Los Vengadores",
        "created": "2015-10-06",
        "headquarters": "Mansi\u00f3n Stark, New Tork, EEUU",
        "modified": "2015-10-06T21:17:41.717Z",
        "active": true,
        "slug": "vengadores",
        "description": "Los heroes m\u00e1s grandes de la Tierra, unidos para hacer fernte a aquills enemigos que no podr\u00edan derrotar solos."
    },
    "model": "metahumans.team",
    "pk": 2
},
{
    "fields": {
        "name": "Los Invasores",
        "created": "2015-10-06",
        "headquarters": "N/A",
        "modified": "2015-10-06T21:21:13.494Z",
        "active": false,
        "slug": "invasores",
        "description": "El grupo fue creado a finales de 1941, cuando Estados Unidos comenz\u00f3 a luchar en la Segunda Guerra Mundial. Se form\u00f3 para combatir contra el imperio nazi de Adolf Hitler. Esta formaci\u00f3n supuso la primera reuni\u00f3n de un grupo de s\u00faper h\u00e9roes."
    },
    "model": "metahumans.team",
    "pk": 3
},
{
    "fields": {
        "name": "La Patrulla X",
        "created": "2015-10-06",
        "headquarters": "Instituto Xavier para J\u00f3venes Talentos. 1407 Graymalkin Lane en North Salem, Westchester, New York (EEUU)",
        "modified": "2015-10-06T21:27:25.394Z",
        "active": true,
        "slug": "x-men",
        "description": " Los protagonistas de X-Men son un grupo de ellos; los mutantes se caracterizan, de entre los personajes superher\u00f3icos de los c\u00f3mics, porque han adquirido superpoderes gracias a mutaciones y cambios en su estructura gen\u00e9tica."
    },
    "model": "metahumans.team",
    "pk": 4
},
{
    "fields": {
        "name": "Vengadores Costa Oeste",
        "created": "2015-10-06",
        "headquarters": "Rancho de los Vengadores, California, EEUU",
        "modified": "2015-10-06T22:49:32.590Z",
        "active": false,
        "slug": "vengadores-costa-oeste",
        "description": "Filial de Los Vengadores en la costa oeste de estaos Unidos"
    },
    "model": "metahumans.team",
    "pk": 5
},
{
    "fields": {
        "name": "La Legi\u00f3n de la Libertad",
        "created": "2015-10-06",
        "headquarters": "",
        "modified": "2015-10-06T22:52:09.865Z",
        "active": false,
        "slug": "legion-de-la-libertad",
        "description": ""
    },
    "model": "metahumans.team",
    "pk": 6
},
{
    "fields": {
        "name": "Heroes de alquiler",
        "created": "2015-10-09",
        "headquarters": "",
        "modified": "2015-10-09T08:01:41.422Z",
        "active": true,
        "slug": "heroes-de-alquiler",
        "description": ""
    },
    "model": "metahumans.team",
    "pk": 7
},
{
    "fields": {
        "name": "El \u00c1ngel",
        "level": 1,
        "photo": "fotos/2015/10/09/El-Angel.jpg",
        "created": "2015-10-06",
        "modified": "2015-10-09T09:47:05.634Z",
        "email": "",
        "alter_ego": "Warren Kenneth Worthington III",
        "team": 4,
        "active": true,
        "slug": "angel",
        "description": "Mutante con alas"
    },
    "model": "metahumans.superhero",
    "pk": 1
},
{
    "fields": {
        "name": "Namor",
        "level": 5,
        "photo": "fotos/2015/10/09/Namor.png",
        "created": "2015-10-06",
        "modified": "2015-10-09T09:35:46.685Z",
        "email": "",
        "alter_ego": "Namor Mckenzie",
        "team": 3,
        "active": true,
        "slug": "namor",
        "description": "Rey de Atl\u00e1ntis. Mutante."
    },
    "model": "metahumans.superhero",
    "pk": 2
},
{
    "fields": {
        "name": "Capit\u00e1n Am\u00e9rica",
        "level": 1,
        "photo": "fotos/2015/10/09/Capitan-America.jpg",
        "created": "2015-10-06",
        "modified": "2015-10-13T07:52:02.248Z",
        "email": "",
        "alter_ego": "Steve Grant Rogers",
        "team": 2,
        "active": true,
        "slug": "capitan-america",
        "description": "\u00danico resultado exitoso del proyecto supersoldado"
    },
    "model": "metahumans.superhero",
    "pk": 3
},
{
    "fields": {
        "name": "Spiderman",
        "level": 4,
        "photo": "fotos/2015/10/09/Spiderman.jpg",
        "created": "2015-10-06",
        "modified": "2015-10-09T08:55:51.056Z",
        "email": "",
        "alter_ego": "Peter Parker",
        "team": null,
        "active": true,
        "slug": "spiderman",
        "description": "Mordido por una ara\u00f1a radioactiva, el joven Peter Parker descubrio que los grandes poderes que hab\u00eda obtenido debien corresponderse con una gran responsabilidad"
    },
    "model": "metahumans.superhero",
    "pk": 4
},
{
    "fields": {
        "name": "Power Man",
        "level": 0,
        "photo": "fotos/2015/10/09/Power-Man.jpg",
        "created": "2015-10-06",
        "modified": "2015-10-09T09:26:13.201Z",
        "email": "",
        "alter_ego": "Luke Cage (Tambi\u00e9n Carl Lucas)",
        "team": 7,
        "active": true,
        "slug": "power-man",
        "description": "Sometido a un procedimiento experimental que le otorg\u00f3 una piel tan dura como el titanio y una fuerza sobre humana"
    },
    "model": "metahumans.superhero",
    "pk": 5
},
{
    "fields": {
        "name": "Profesor X",
        "level": 9,
        "photo": "fotos/2015/10/09/Profesor_X.jpg",
        "created": "2015-10-06",
        "modified": "2015-10-09T09:12:20.492Z",
        "email": "root@xavierinstitute.edu",
        "alter_ego": "Charles Francis Xavie",
        "team": 4,
        "active": true,
        "slug": "profesor-x",
        "description": "Cuenta con la mente mutante m\u00e1s poderosa del mundo. Como tel\u00e9pata que es, Xavier puede leer, controlar e influir en la mente humana. Es un genio cient\u00edfico con una habilidad sobrehumana para absorber informaci\u00f3n, siendo adem\u00e1s una autoridad l\u00edder en gen\u00e9tica, mutaci\u00f3n y poderes psi\u00f3nicos."
    },
    "model": "metahumans.superhero",
    "pk": 6
},
{
    "fields": {
        "name": "Caballero Luna",
        "level": 2,
        "photo": "fotos/2015/10/09/Caballero-Luna.jpg",
        "created": "2015-10-06",
        "modified": "2015-10-09T09:10:12.757Z",
        "email": "",
        "alter_ego": "Marc Spector",
        "team": 5,
        "active": true,
        "slug": "caballero-luna",
        "description": "Antiguo mercenario"
    },
    "model": "metahumans.superhero",
    "pk": 7
},
{
    "fields": {
        "name": "La Mujer Invisible",
        "level": 8,
        "photo": "fotos/2015/10/09/Mujer-invisible.jpg",
        "created": "2015-10-06",
        "modified": "2015-10-09T09:08:15.079Z",
        "email": "",
        "alter_ego": "Susan Strom",
        "team": 1,
        "active": true,
        "slug": "mujer-invisible",
        "description": "Miembro inicial de los cuatro fant\u00e1sticos"
    },
    "model": "metahumans.superhero",
    "pk": 8
},
{
    "fields": {
        "name": "El Zumbador",
        "level": 0,
        "photo": "fotos/2015/10/09/Zumbador.jpg",
        "created": "2015-10-06",
        "modified": "2015-10-09T09:06:02.789Z",
        "email": "",
        "alter_ego": "El Zumbador",
        "team": 6,
        "active": false,
        "slug": "zumbador",
        "description": "Actu\u00f3 en la Segunda Guerra Mundial"
    },
    "model": "metahumans.superhero",
    "pk": 9
},
{
    "fields": {
        "name": "C\u00edclope",
        "level": 3,
        "photo": "fotos/2015/10/09/Ciclope.png",
        "created": "2015-10-07",
        "modified": "2015-10-09T09:03:27.161Z",
        "email": "",
        "alter_ego": "Scott Summers",
        "team": 4,
        "active": true,
        "slug": "ciclope",
        "description": "C\u00edclope es un mutante con la capacidad de proyectar potentes explosiones de fuerza a trav\u00e9s de sus ojos. Es visualmente distintivo su visor de rub\u00ed de cuarzo, lo que le confiere el nombre clave de Cyclops (C\u00edclope). Es un estratega brillante, y durante mucho tiempo fue el l\u00edder adjunto del grupo de mutantes conocidos como los X-Men. Hoy en d\u00eda C\u00edclope finalmente reemplaz\u00f3 a su mentor, el Profesor X, para convertirse en el l\u00edder al mando de los X-Men."
    },
    "model": "metahumans.superhero",
    "pk": 10
},
{
    "fields": {
        "name": "La Cosa",
        "level": 4,
        "photo": "fotos/2015/10/09/The_Thing.jpg",
        "created": "2015-10-07",
        "modified": "2015-10-09T09:01:16.784Z",
        "email": "",
        "alter_ego": "Benjamin (Ben) Jacob Grimm",
        "team": 1,
        "active": true,
        "slug": "la-cosa",
        "description": "Ben posee fuerza, durabilidad y resistencia sobrehumanas, todo esto debido a que la tormenta de rayos c\u00f3smicos aument\u00f3 la densidad y resistencia de sus huesos, m\u00fasculos, piel y \u00f3rganos internos. Este aumento de densidad es el que hace que su aspecto sea similar al de un ser formado de piedra."
    },
    "model": "metahumans.superhero",
    "pk": 11
},
{
    "fields": {
        "name": "La Antorcha Humana",
        "level": 3,
        "photo": "fotos/2015/10/09/Human-Torch.png",
        "created": "2015-10-07",
        "modified": "2015-10-09T08:53:34.910Z",
        "email": "",
        "alter_ego": "",
        "team": 1,
        "active": true,
        "slug": "antorcha-humana",
        "description": ""
    },
    "model": "metahumans.superhero",
    "pk": 12
},
{
    "fields": {
        "name": "Daredevil",
        "level": 1,
        "photo": "fotos/2015/10/09/Daredevil.jpg",
        "created": "2015-10-07",
        "modified": "2015-10-09T08:45:42.632Z",
        "email": "",
        "alter_ego": "Matthew Michael Murdock",
        "team": null,
        "active": true,
        "slug": "daredevil",
        "description": "Al haber perdido la vista, los cuatro sentidos restantes de Daredevil fueron aumentados por la radiaci\u00f3n a niveles superhumanos, en el accidente que tuvo cuando era ni\u00f1o. A pesar de su ceguera, puede \"ver\" a trav\u00e9s de un \"sexto sentido\" que le sirve como un radar similar al de los murci\u00e9lagos, llamado ecolocalizaci\u00f3n"
    },
    "model": "metahumans.superhero",
    "pk": 13
},
{
    "fields": {
        "name": "Pu\u00f1o de Hierro",
        "level": 2,
        "photo": "fotos/2015/10/09/Iron-Fist.jpg",
        "created": "2015-10-09",
        "modified": "2015-10-09T08:43:32.944Z",
        "email": "",
        "alter_ego": "Daniel Thomas Rand",
        "team": 7,
        "active": true,
        "slug": "iron-fist",
        "description": "Maestro Kung Fu. Fuerza, agilidad, aguante,velocidad, durabilidad y reflejos al l\u00edmite humano. Control de su sistema nervioso. Manipulaci\u00f3n del \"chi\", o energ\u00eda espiritual. Puede enfocar su chi para obtener diversas habilidades"
    },
    "model": "metahumans.superhero",
    "pk": 14
},
{
    "fields": {
        "name": "Pantera Negra",
        "level": 5,
        "photo": "fotos/2015/10/09/Pantera-Negra.jpg",
        "created": "2015-10-09",
        "modified": "2015-10-09T09:32:03.661Z",
        "email": "",
        "alter_ego": "T'Challa",
        "team": 2,
        "active": true,
        "slug": "pantera-negra",
        "description": "Poderoso, culto y noble monarca, T'Challa sucedi\u00f3 a su padre como rey de Wakanda, una peque\u00f1a y retirada naci\u00f3n africana"
    },
    "model": "metahumans.superhero",
    "pk": 15
},
{
    "fields": {
        "name": "Jessica Jones",
        "level": 1,
        "photo": "fotos/2015/10/09/Jessica-Jones.jpg",
        "created": "2015-10-09",
        "modified": "2015-10-09T09:53:48.712Z",
        "email": "",
        "alter_ego": "Jessica Campbell Jones",
        "team": null,
        "active": false,
        "slug": "jessica-jones",
        "description": "Antigua superheroina, actalmente tiene una agencia de investigaci\u00f3n privada: Alias Investigations"
    },
    "model": "metahumans.superhero",
    "pk": 16
},
{
    "fields": {
        "name": "Hulk Rojo",
        "level": 8,
        "photo": "fotos/2015/10/09/hulk_Rojo.jpg",
        "created": "2015-10-09",
        "modified": "2015-10-09T10:03:59.823Z",
        "email": "",
        "alter_ego": "Thaddeus E. \"Thunderbolt\" Ross",
        "team": null,
        "active": true,
        "slug": "hulk-rojo",
        "description": "Red Hulk fue creado para ser un adversario desinhibido y t\u00e1cticamente inteligente para Hulk"
    },
    "model": "metahumans.superhero",
    "pk": 17
},
{
    "fields": {
        "name": "Craneo Rojo",
        "level": 4,
        "photo": "fotos/2015/10/13/Craneo-Rojo.png",
        "created": "2015-10-13",
        "modified": "2015-10-13T09:34:03.067Z",
        "email": "",
        "alter_ego": "Johann Shmidt",
        "team": null,
        "active": true,
        "slug": "craneo-rojo",
        "description": "Johann Shmidt era un joven alem\u00e1n resentido con el mundo, sin estudios ni especializaci\u00f3n alguna, pero su destino cambi\u00f3 cuando conoci\u00f3 a Adolf Hitler. El dictador lo convirti\u00f3 en su pupilo y protegido, convirtiendo al joven Shmidt en el Cr\u00e1neo Rojo, una figura tan terror\u00edfica que incluso inspiraba terror en su mentor."
    },
    "model": "metahumans.superhero",
    "pk": 18
},
{
    "fields": {
        "name": "Super Skrull",
        "level": 9,
        "photo": "fotos/2015/10/13/Super-Skrull.jpg",
        "created": "2015-10-13",
        "modified": "2015-10-13T09:49:20.025Z",
        "email": "",
        "alter_ego": "Kl'rt",
        "team": null,
        "active": true,
        "slug": "super-skrull",
        "description": "Kl'rt -m\u00e1s com\u00fanmente conocido como el Super-Skrull- fue mejorado artificialmente y dotado de las habilidades combinadas de los Cuatro Fant\u00e1sticos. Los niveles de energ\u00eda de Kl'rt, sin embargo, superaron los originales: M\u00e1s fuerte que la Cosa; vuelo superior y mayor habilidad piroquin\u00e9tica que la Antorcha Humana; un mejor control de la invisibilidad y la telequinesis que la Mujer Invisible; y una habilidad de estirarse m\u00e1s all\u00e1 que la de Mr. Fant\u00e1stico. Tambi\u00e9n conserv\u00f3 sus habilidades innatas Skrull, como cambiar de forma."
    },
    "model": "metahumans.superhero",
    "pk": 19
},
{
    "fields": {
        "scale": 10,
        "superhero": 1,
        "power": 1
    },
    "model": "metahumans.capabilities",
    "pk": 1
},
{
    "fields": {
        "scale": 10,
        "superhero": 2,
        "power": 1
    },
    "model": "metahumans.capabilities",
    "pk": 2
},
{
    "fields": {
        "scale": 5,
        "superhero": 2,
        "power": 2
    },
    "model": "metahumans.capabilities",
    "pk": 3
},
{
    "fields": {
        "scale": 10,
        "superhero": 2,
        "power": 9
    },
    "model": "metahumans.capabilities",
    "pk": 4
},
{
    "fields": {
        "scale": 8,
        "superhero": 2,
        "power": 10
    },
    "model": "metahumans.capabilities",
    "pk": 5
},
{
    "fields": {
        "scale": 3,
        "superhero": 4,
        "power": 2
    },
    "model": "metahumans.capabilities",
    "pk": 6
},
{
    "fields": {
        "scale": 3,
        "superhero": 4,
        "power": 15
    },
    "model": "metahumans.capabilities",
    "pk": 7
},
{
    "fields": {
        "scale": 10,
        "superhero": 4,
        "power": 11
    },
    "model": "metahumans.capabilities",
    "pk": 8
},
{
    "fields": {
        "scale": 10,
        "superhero": 4,
        "power": 12
    },
    "model": "metahumans.capabilities",
    "pk": 9
},
{
    "fields": {
        "scale": 4,
        "superhero": 5,
        "power": 2
    },
    "model": "metahumans.capabilities",
    "pk": 10
},
{
    "fields": {
        "scale": 6,
        "superhero": 5,
        "power": 10
    },
    "model": "metahumans.capabilities",
    "pk": 11
},
{
    "fields": {
        "scale": 10,
        "superhero": 6,
        "power": 8
    },
    "model": "metahumans.capabilities",
    "pk": 12
},
{
    "fields": {
        "scale": 10,
        "superhero": 7,
        "power": 3
    },
    "model": "metahumans.capabilities",
    "pk": 13
},
{
    "fields": {
        "scale": 2,
        "superhero": 7,
        "power": 2
    },
    "model": "metahumans.capabilities",
    "pk": 14
},
{
    "fields": {
        "scale": 10,
        "superhero": 8,
        "power": 13
    },
    "model": "metahumans.capabilities",
    "pk": 15
},
{
    "fields": {
        "scale": 10,
        "superhero": 8,
        "power": 14
    },
    "model": "metahumans.capabilities",
    "pk": 16
},
{
    "fields": {
        "scale": 7,
        "superhero": 9,
        "power": 4
    },
    "model": "metahumans.capabilities",
    "pk": 17
},
{
    "fields": {
        "scale": 10,
        "superhero": 10,
        "power": 6
    },
    "model": "metahumans.capabilities",
    "pk": 18
},
{
    "fields": {
        "scale": 8,
        "superhero": 11,
        "power": 2
    },
    "model": "metahumans.capabilities",
    "pk": 19
},
{
    "fields": {
        "scale": 8,
        "superhero": 11,
        "power": 10
    },
    "model": "metahumans.capabilities",
    "pk": 20
},
{
    "fields": {
        "scale": 10,
        "superhero": 12,
        "power": 16
    },
    "model": "metahumans.capabilities",
    "pk": 21
},
{
    "fields": {
        "scale": 10,
        "superhero": 12,
        "power": 17
    },
    "model": "metahumans.capabilities",
    "pk": 22
},
{
    "fields": {
        "scale": 8,
        "superhero": 12,
        "power": 18
    },
    "model": "metahumans.capabilities",
    "pk": 23
},
{
    "fields": {
        "scale": 10,
        "superhero": 12,
        "power": 1
    },
    "model": "metahumans.capabilities",
    "pk": 24
},
{
    "fields": {
        "scale": 10,
        "superhero": 13,
        "power": 5
    },
    "model": "metahumans.capabilities",
    "pk": 25
},
{
    "fields": {
        "scale": 10,
        "superhero": 13,
        "power": 19
    },
    "model": "metahumans.capabilities",
    "pk": 26
},
{
    "fields": {
        "scale": 10,
        "superhero": 13,
        "power": 20
    },
    "model": "metahumans.capabilities",
    "pk": 27
},
{
    "fields": {
        "scale": 2,
        "superhero": 14,
        "power": 4
    },
    "model": "metahumans.capabilities",
    "pk": 28
},
{
    "fields": {
        "scale": 2,
        "superhero": 14,
        "power": 15
    },
    "model": "metahumans.capabilities",
    "pk": 29
},
{
    "fields": {
        "scale": 10,
        "superhero": 14,
        "power": 21
    },
    "model": "metahumans.capabilities",
    "pk": 30
},
{
    "fields": {
        "scale": 2,
        "superhero": 14,
        "power": 17
    },
    "model": "metahumans.capabilities",
    "pk": 31
},
{
    "fields": {
        "scale": 10,
        "superhero": 15,
        "power": 3
    },
    "model": "metahumans.capabilities",
    "pk": 32
},
{
    "fields": {
        "scale": 10,
        "superhero": 15,
        "power": 19
    },
    "model": "metahumans.capabilities",
    "pk": 33
},
{
    "fields": {
        "scale": 10,
        "superhero": 15,
        "power": 20
    },
    "model": "metahumans.capabilities",
    "pk": 34
},
{
    "fields": {
        "scale": 2,
        "superhero": 15,
        "power": 4
    },
    "model": "metahumans.capabilities",
    "pk": 35
},
{
    "fields": {
        "scale": 8,
        "superhero": 16,
        "power": 1
    },
    "model": "metahumans.capabilities",
    "pk": 36
},
{
    "fields": {
        "scale": 5,
        "superhero": 16,
        "power": 2
    },
    "model": "metahumans.capabilities",
    "pk": 37
},
{
    "fields": {
        "scale": 7,
        "superhero": 16,
        "power": 10
    },
    "model": "metahumans.capabilities",
    "pk": 38
},
{
    "fields": {
        "scale": 10,
        "superhero": 17,
        "power": 2
    },
    "model": "metahumans.capabilities",
    "pk": 39
},
{
    "fields": {
        "scale": 10,
        "superhero": 17,
        "power": 10
    },
    "model": "metahumans.capabilities",
    "pk": 40
},
{
    "fields": {
        "scale": 6,
        "superhero": 17,
        "power": 22
    },
    "model": "metahumans.capabilities",
    "pk": 41
},
{
    "fields": {
        "scale": 10,
        "superhero": 17,
        "power": 23
    },
    "model": "metahumans.capabilities",
    "pk": 42
},
{
    "fields": {
        "scale": 10,
        "superhero": 19,
        "power": 1
    },
    "model": "metahumans.capabilities",
    "pk": 43
},
{
    "fields": {
        "scale": 10,
        "superhero": 19,
        "power": 2
    },
    "model": "metahumans.capabilities",
    "pk": 44
},
{
    "fields": {
        "scale": 10,
        "superhero": 19,
        "power": 10
    },
    "model": "metahumans.capabilities",
    "pk": 45
},
{
    "fields": {
        "scale": 10,
        "superhero": 19,
        "power": 13
    },
    "model": "metahumans.capabilities",
    "pk": 46
},
{
    "fields": {
        "scale": 10,
        "superhero": 19,
        "power": 14
    },
    "model": "metahumans.capabilities",
    "pk": 47
},
{
    "fields": {
        "scale": 10,
        "superhero": 19,
        "power": 24
    },
    "model": "metahumans.capabilities",
    "pk": 48
},
{
    "fields": {
        "scale": 10,
        "superhero": 19,
        "power": 17
    },
    "model": "metahumans.capabilities",
    "pk": 49
},
{
    "fields": {
        "scale": 10,
        "superhero": 19,
        "power": 18
    },
    "model": "metahumans.capabilities",
    "pk": 50
},
{
    "fields": {
        "scale": 10,
        "superhero": 19,
        "power": 25
    },
    "model": "metahumans.capabilities",
    "pk": 51
},
{
    "fields": {
        "scale": 10,
        "superhero": 19,
        "power": 26
    },
    "model": "metahumans.capabilities",
    "pk": 52
}
]
